<?xml version="1.0" encoding="UTF-8"?>
<project-private xmlns="http://www.netbeans.org/ns/project-private/1">
    <editor-bookmarks xmlns="http://www.netbeans.org/ns/editor-bookmarks/2" lastBookmarkId="0"/>
    <open-files xmlns="http://www.netbeans.org/ns/projectui-open-files/2">
        <group>
            <file>file:/C:/xampp/htdocs/mcqwebsite/changePassword.php</file>
            <file>file:/C:/xampp/htdocs/mcqwebsite/scripts/db_config.php</file>
            <file>file:/C:/xampp/htdocs/mcqwebsite/login_check.php</file>
            <file>file:/C:/xampp/htdocs/mcqwebsite/result.php</file>
            <file>file:/C:/xampp/htdocs/mcqwebsite/session.php</file>
            <file>file:/C:/xampp/htdocs/mcqwebsite/quiz.php</file>
            <file>file:/C:/xampp/htdocs/mcqwebsite/logout.php</file>
            <file>file:/C:/xampp/htdocs/mcqwebsite/admin.php</file>
            <file>file:/C:/xampp/htdocs/mcqwebsite/index.php</file>
            <file>file:/C:/xampp/htdocs/mcqwebsite/login.php</file>
        </group>
    </open-files>
</project-private>
